Date,HomeTeam,AwayTeam,Inning,Top/Bottom,PAofInning,PitchofPA,Batter,BatterSide,Pitcher,PitcherThrows,PitchCall,AutoPitchType,PlayResult,KorBB,TaggedHitType,ExitSpeed,Angle,Distance,Bearing,PlateLocSide,PlateLocHeight
5/30/26,LON_ISL22,BOC_EAG,1,Top,1,1,"Toomey, Jack",Right,"DeCastro, Ryan",Right,InPlay,Fastball,Out,Undefined,FlyBall,102.2,25.0,389.0,4.0,-0.2,2.6
5/30/26,LON_ISL22,BOC_EAG,3,Top,1,1,"Toomey, Jack",Right,"DeCastro, Ryan",Right,InPlay,ChangeUp,Out,Undefined,LineDrive,93.7,19.0,314.0,-27.0,0.25,2.3
5/30/26,LON_ISL22,BOC_EAG,5,Top,1,1,"Toomey, Jack",Right,"Kassebaum, Alex",Left,InPlay,Sinker,HomeRun,Undefined,FlyBall,97.4,34.0,375.0,31.0,-0.45,2.05
5/30/26,LON_ISL22,BOC_EAG,7,Top,1,1,"Toomey, Jack",Right,"Jankowski, Cole",Right,InPlay,Slider,Out,Undefined,FlyBall,91.3,37.0,322.0,-19.0,0.1,1.75
5/30/26,LON_ISL22,BOC_EAG,9,Top,1,1,"Toomey, Jack",Right,"Jankowski, Cole",Right,BallCalled,Slider,Undefined,Undefined,,,,,,-1.55,2.35
5/30/26,LON_ISL22,BOC_EAG,9,Top,1,2,"Toomey, Jack",Right,"Jankowski, Cole",Right,FoulBall,Slider,Undefined,Undefined,,,,,,-0.95,2.15
5/30/26,LON_ISL22,BOC_EAG,9,Top,1,3,"Toomey, Jack",Right,"Jankowski, Cole",Right,BallCalled,Slider,Undefined,Undefined,,,,,,-1.6,1.95
5/30/26,LON_ISL22,BOC_EAG,9,Top,1,4,"Toomey, Jack",Right,"Jankowski, Cole",Right,BallCalled,Fastball,Undefined,Undefined,,,,,,-1.5,1.6
5/30/26,LON_ISL22,BOC_EAG,9,Top,1,5,"Toomey, Jack",Right,"Jankowski, Cole",Right,BallCalled,Fastball,Undefined,Walk,,,,,,-1.2,2.9
